x,y,char(x),log(x),log(y),x+y,x*y*100,sqrt(x)*100,x>y,2x,2x+noise,x+1,x+1+noise
0.5978013803,0.5422042611,n,-0.2234430865,-0.2658370737,1.1400056414,32.4130455679,73.634520509,1,1.1956027607,1.147551169,1.5978013803,1.6786023492
0.600552148,0.3169165456,j,-0.2214492754,-0.4990550865,0.9174686936,19.0324912194,33.8082881594,1,1.2011042959,1.150407951,1.600552148,1.6446382021
0.5176188424,0.4839782056,l,-0.2859899228,-0.315174195,1.001597048,25.0516238537,36.0099882532,1,1.0352376848,1.0037523055,1.5176188424,1.4375348535
0.4035221396,0.7890953128,o,-0.3941326323,-0.1028705363,1.1926174525,31.8417429016,35.8452901031,0,0.8070442793,0.8978127082,1.4035221396,1.4009042802
0.4211799926,0.8162214356,p,-0.3755322674,-0.088192004,1.2374014282,34.3776138197,38.0514955483,0,0.8423599852,0.9390858799,1.4211799926,1.3784909969
0.6838696057,0.0075677508,f,-0.1650266979,-2.1210331799,0.6914373564,0.5175354725,5.9491745603,1,1.3677392113,1.3394348173,1.6838696057,1.6670508599
0.1734877133,0.9289339869,o,-0.7607312772,-0.0320151473,1.1024217003,16.1158633225,16.7209577361,0,0.3469754267,0.2872363237,1.1734877133,1.1604071749
0.4431070329,0.8361243606,p,-0.3534913569,-0.0777291232,1.2792313935,37.0492584557,40.5176344152,0,0.8862140658,0.8413471791,1.4431070329,1.3798417481
0.8858524587,0.8408582278,u,-0.0526386051,-0.0752772219,1.7267106865,74.4876328482,81.2311840969,1,1.7717049173,1.7001598774,1.8858524587,1.8853522914
0.2261060819,0.1883559844,e,-0.6456877557,-0.7250205769,0.4144620663,4.2588433627,9.8130035462,1,0.4522121637,0.4467014482,1.2261060819,1.2236710294
0.4461210717,0.0259337146,d,-0.3505472632,-1.5861352731,0.4720547863,1.1569576543,7.1843106047,1,0.8922421434,0.892053049,1.4461210717,1.5071574539
0.6230853836,0.3170995521,j,-0.2054524364,-0.4988043714,0.9401849357,19.7580096069,35.0869306071,1,1.2461707671,1.2546679351,1.6230853836,1.6419380843
0.6450672857,0.6757580938,p,-0.1903949826,-0.1702087439,1.3208253796,43.5909439407,53.0274380778,0,1.2901345715,1.3550883915,1.6450672857,1.595664761
0.3807686048,0.5090753862,k,-0.4193388673,-0.2932179006,0.889843991,19.3839924553,27.1676568052,0,0.7615372096,0.7659459877,1.3807686048,1.2914619815
0.2979752212,0.1934910289,e,-0.5258198492,-0.7133391661,0.49146625,5.765553212,13.1072193603,1,0.5959504424,0.6394583303,1.2979752212,1.2991493229
0.2210158175,0.83946683,n,-0.655576644,-0.0759964595,1.0604826475,18.5535447688,20.2500046033,0,0.442031635,0.4483837957,1.2210158175,1.2283064974
0.0946925806,0.0881061142,b,-1.0236840476,-1.0549939524,0.1827986948,0.8342995322,2.8107290109,1,0.1893851613,0.2349846229,1.0946925806,1.1462056539
0.3716897832,0.9231639912,q,-0.4298193764,-0.0347211439,1.2948537744,34.3130623721,35.7124834102,0,0.7433795664,0.8172680511,1.3716897832,1.2992289146
0.2719346748,0.230094196,f,-0.5655354113,-0.638094336,0.5020288709,6.2570590379,13.0441991505,1,0.5438693496,0.5564698833,1.2719346748,1.2855522065
0.4399595682,0.2254109024,g,-0.3565872329,-0.6470250823,0.6653704706,9.9171683292,20.8881619486,1,0.8799191364,0.9300882967,1.4399595682,1.4059532227
0.3477938424,0.7196128627,n,-0.4586781113,-0.1429010825,1.0674067051,25.0276922576,29.5033510936,0,0.6955876849,0.6162402187,1.3477938424,1.2842656658
0.7877484772,0.9713047007,v,-0.1036124277,-0.0126445095,1.7590531779,76.5143798871,77.6363872415,0,1.5754969544,1.4804284323,1.7877484772,1.7007125869
0.0754357516,0.2522613318,d,-1.1224227783,-0.5981493158,0.3276970834,1.9029523158,3.7888077038,0,0.1508715032,0.1027721717,1.0754357516,1.1220482479
0.2510155546,0.3411058348,g,-0.6002993658,-0.4671108517,0.5921213895,8.5622870319,14.6603793552,0,0.5020311093,0.4142252499,1.2510155546,1.1567165646
0.9725344793,0.4872289803,q,-0.0120949927,-0.3122668879,1.4597634596,47.3846982664,67.8846469072,1,1.9450689587,1.9517099513,1.9725344793,1.9768415682
0.0206895852,0.0665845822,a,-1.6842482153,-1.1766263209,0.0872741675,0.137760739,0.5338738196,0,0.0413791705,0.097368982,1.0206895852,0.9931739322
0.6265945067,0.2725033257,j,-0.2030134169,-0.5646281931,0.8990978324,17.0749086943,32.7093931306,1,1.2531890133,1.3195549158,1.6265945067,1.6609932555
0.8654164742,0.841204429,u,-0.0627748418,-0.0750984494,1.7066209032,72.7992171045,79.3735735552,1,1.7308329483,1.6553552725,1.8654164742,1.8725758507
0.7537817028,0.0608331985,h,-0.1227544087,-1.2158593486,0.8146149013,4.5854951942,18.5915636132,1,1.5075634057,1.4988634149,1.7537817028,1.7614592047
0.0179225509,0.4256418156,f,-1.7466001774,-0.3709557129,0.4435643665,0.7628587108,1.1692892747,0,0.0358451018,0.0807891306,1.0179225509,1.0374537908
0.0811683687,0.4348171062,g,-1.0906131823,-0.3616933786,0.5159854749,3.5293395192,5.3522960618,0,0.1623367374,0.1222104095,1.0811683687,1.1638242865
0.281729968,0.9802569665,q,-0.550166954,-0.0086600625,1.2619869346,27.6167763849,27.8935001892,0,0.5634599361,0.4894609041,1.281729968,1.3459778144
0.8444205129,0.8888879733,u,-0.0734412252,-0.0511529698,1.7333084862,75.0595238304,79.612688443,0,1.6888410258,1.6777996831,1.8444205129,1.7683324879
0.2430353586,0.5142282525,j,-0.6143305374,-0.2888440663,0.7572636111,12.4975647744,17.4279951133,0,0.4860707172,0.5414663244,1.2430353586,1.2377469809
0.1071537721,0.1840186892,c,-0.9699925358,-0.7351380672,0.2911724614,1.9718296694,4.5966181818,0,0.2143075443,0.2971969415,1.1071537721,1.204749507
0.497860118,0.0367085238,e,-0.3028926622,-1.4352330805,0.5345686418,1.8275709969,9.5387353053,1,0.9957202361,0.9713543771,1.497860118,1.4401378958
0.6458850286,0.0992703061,g,-0.1898447821,-1.0031806391,0.7451553347,6.4117204474,20.3500227146,1,1.2917700573,1.2786377199,1.6458850286,1.6879437761
0.4786465282,0.8413319273,q,-0.3199850868,-0.0750326299,1.3199784555,40.2700606092,43.903444855,0,0.9572930564,1.0175809162,1.4786465282,1.4423192897
0.4992235936,0.4130882395,k,-0.3017048978,-0.3839571691,0.9123118331,20.6223395405,32.0860693359,1,0.9984471872,0.9242000298,1.4992235936,1.5405246464
0.2889036124,0.0219976071,c,-0.5392470278,-1.6576245596,0.3109012195,0.635518815,4.2849000152,1,0.5778072248,0.6120462424,1.2889036124,1.3083177032
0.1674740827,0.8618397042,n,-0.7760523924,-0.0645735022,1.0293137869,14.4335813873,15.5475104197,0,0.3349481653,0.3989889657,1.1674740827,1.1627239448
0.5502326123,0.2472832757,i,-0.2594536725,-0.6068052549,0.797515888,13.6063322768,27.3617392583,1,1.1004652246,1.0830748811,1.5502326123,1.631728763
0.7669773148,0.3740047584,m,-0.1152174811,-0.4271228723,1.1409820733,28.6853165356,46.9052097871,1,1.5339546297,1.4417826715,1.7669773148,1.7986564762
0.5598667352,0.7462022062,p,-0.2519153356,-0.1271434712,1.3060689415,41.777379304,48.3629661602,0,1.1197334705,1.1215918649,1.5598667352,1.5615467126
0.4864338594,0.9848894465,s,-0.3129762025,-0.0066125162,1.471323306,47.9083574604,48.2744727773,0,0.9728677189,0.9246570804,1.4864338594,1.4727925217
0.0079382469,0.5599154115,h,-2.1002753953,-0.2518775785,0.5678536585,0.4444746803,0.593999139,0,0.0158764939,0.0664604824,1.0079382469,0.9108527351
0.367531521,0.3074119212,h,-0.4347054081,-0.5122792949,0.6749434422,11.298357098,20.3776896855,1,0.735063042,0.6500610467,1.367531521,1.318184553
0.441011091,0.6923190432,n,-0.3555504883,-0.1596937223,1.1333301342,30.5320376565,36.6946416214,0,0.882022182,0.9776832734,1.441011091,1.515693565
0.7029127695,0.2375181913,j,-0.153098567,-0.6243031225,0.9404309609,16.6954569683,34.2570429195,1,1.405825539,1.4171920928,1.7029127695,1.7413474638
0.6454301365,0.1226255698,h,-0.1901507603,-0.9114189615,0.7680557063,7.9146238259,22.6016298883,1,1.2908602729,1.1983642332,1.6454301365,1.7276441485
0.2859134648,0.2036795479,e,-0.5437653914,-0.6910525777,0.4895930127,5.8234725252,12.9035235774,1,0.5718269297,0.5135975373,1.2859134648,1.2913456008
0.0346111641,0.2528988575,d,-1.4607837932,-0.5970531327,0.2875100216,0.8753123863,1.7405625718,0,0.0692223283,-0.0207744918,1.0346111641,1.1163119744
0.9936017073,0.9916887851,x,-0.0027876709,-0.0036245981,1.9852904924,98.5343670005,98.9464073512,1,1.9872034146,1.9251384207,1.9936017073,1.9927626163
0.2596369898,0.3727253811,h,-0.5856334347,-0.4286110326,0.6323623708,9.6773295956,15.8511599748,0,0.5192739796,0.5255422524,1.2596369898,1.1747172594
0.2516501106,0.8004107992,n,-0.5992028744,-0.0966870605,1.0520609098,20.1423466137,22.5140483982,0,0.5033002212,0.5316724381,1.2516501106,1.267829405
0.3805300607,0.7625649979,o,-0.4196110296,-0.1177231329,1.1430950586,29.017890496,33.2297752518,0,0.7610601215,0.792667575,1.3805300607,1.4396579917
0.5813249738,0.362469537,k,-0.2355810193,-0.440728487,0.9437945108,21.0712594087,34.9989275901,1,1.1626499477,1.0795544927,1.5813249738,1.6120505569
0.2540078759,0.6003327649,k,-0.5951528172,-0.2216079531,0.8543406408,15.2489250459,19.6808207679,0,0.5080157518,0.5797921351,1.2540078759,1.254342382
0.9648708296,0.2090481245,l,-0.0155308232,-0.6797537244,1.1739189541,20.1704437309,44.1156126287,1,1.9297416592,1.8703329223,1.9648708296,1.945340158
0.6285044891,0.8637126014,s,-0.201691616,-0.0636307441,1.4922170904,54.2847247234,58.4107808348,0,1.2570089782,1.2555981913,1.6285044891,1.6501401497
0.9708667893,0.3035195293,n,-0.0128403547,-0.51781336,1.2743863186,29.4677030905,53.4875820063,1,1.9417335787,1.9694397263,1.9708667893,2.0356214019
0.7954067234,0.8790051751,u,-0.0994107423,-0.056008568,1.6744118985,69.9166626161,74.5735767696,0,1.5908134468,1.5389700576,1.7954067234,1.8499470088
0.2723343256,0.1479919404,d,-0.5648976158,-0.8297619356,0.420326266,4.0303285276,10.476625418,1,0.5446686512,0.5536398261,1.2723343256,1.2678238898
0.6086034789,0.2245095822,i,-0.2156655695,-0.6487651184,0.833113061,13.6637312741,28.8371191138,1,1.2172069578,1.1899416184,1.6086034789,1.5141353014
0.2684347501,0.036163203,c,-0.5711612634,-1.4417331113,0.3045979531,0.9707460349,5.1047230027,1,0.5368695003,0.585519551,1.2684347501,1.3112266293
0.5111711144,0.7579939433,p,-0.2914336956,-0.1203342646,1.2691650577,38.7464608699,44.5040128324,0,1.0223422288,0.9470897659,1.5111711144,1.4378028987
0.577033584,0.2866667595,j,-0.2387989097,-0.5426226628,0.8637003435,16.5416347663,30.8951109312,1,1.154067168,1.0834493722,1.577033584,1.5617669321
0.3037095936,0.2408598443,f,-0.5175414893,-0.6182355988,0.5445694379,7.3151445414,14.9052996475,1,0.6074191872,0.6055240454,1.3037095936,1.2259831956
0.2540682345,0.8511070677,o,-0.5950496303,-0.0700158031,1.1051753021,21.6239270025,23.439182912,0,0.5081364689,0.5856323594,1.2540682345,1.2946349532
0.19007162,0.7282479692,l,-0.7210827236,-0.1377207178,0.9183195892,13.8419271298,16.2202266141,0,0.3801432401,0.3548555917,1.19007162,1.1943443102
0.55232241,0.7492993686,p,-0.2578073353,-0.1253446334,1.3016217786,41.3854833105,47.8101766186,0,1.1046448201,1.131186779,1.55232241,1.5975692241
0.4912477671,0.4495037154,k,-0.3086994106,-0.3472667142,0.9407514825,22.0817696493,32.9357253362,1,0.9824955342,0.9828078031,1.4912477671,1.5836025464
0.4220193822,0.2999217659,h,-0.3746676026,-0.5229920155,0.7219411482,12.6572798375,23.1119393775,1,0.8440387645,0.8184771927,1.4220193822,1.4737719294
0.276038303,0.8523988179,o,-0.5590306511,-0.0693571612,1.1284371209,23.5294723204,25.48535974,0,0.5520766061,0.5051274958,1.276038303,1.3614832853
0.747093237,0.9186058186,u,-0.126625195,-0.036870808,1.6656990557,68.6284194584,71.6043490605,0,1.494186474,1.5522195038,1.747093237,1.6958038094
0.4064197105,0.0893971291,e,-0.3910252379,-1.0486764277,0.4958168396,3.6332755342,12.1516862647,1,0.812839421,0.803282922,1.4064197105,1.3958772702
0.4537708396,0.9130777032,r,-0.3431634163,-0.0394922623,1.3668485428,41.4328036015,43.3601177093,0,0.9075416792,0.8101397039,1.4537708396,1.5387537817
0.0855666101,0.1827697235,c,-1.0676956732,-0.7380957452,0.2683363336,1.5638985666,3.6581074189,0,0.1711332202,0.1624695481,1.0855666101,1.0368501148
0.8369952007,0.0311244642,h,-0.0772770322,-1.5068981156,0.868119665,2.6051027191,14.7663755649,1,1.6739904014,1.6309319854,1.8369952007,1.7394187318
0.7557848168,0.7053795941,r,-0.121601837,-0.1515771082,1.4611644109,53.311518732,63.4760083957,1,1.5115696336,1.5985840922,1.7557848168,1.8190887843
0.0650408156,0.1899829211,c,-1.1868140213,-0.721285439,0.2550237367,1.2356644144,2.8349360018,0,0.1300816312,0.1568332775,1.0650408156,1.1308620578
0.0981137764,0.4854500969,h,-1.0082700079,-0.3138554079,0.5835638733,4.7629342268,6.8360036851,0,0.1962275528,0.2481741802,1.0981137764,1.0746810433
0.5475269763,0.8082893314,q,-0.2615944785,-0.0924331534,1.3558163077,44.256021361,49.2253649656,0,1.0950539527,1.1692341818,1.5475269763,1.5635718352
0.4249769384,0.5933641477,m,-0.3716346365,-0.2266786982,1.0183410861,25.2166078849,32.7360303273,0,0.8499538768,0.7882110124,1.4249769384,1.3576389984
0.9198263967,0.9183097505,v,-0.0362941314,-0.0370108044,1.8381361472,84.4685548895,88.1455651079,1,1.8396527935,1.7655044374,1.9198263967,1.9006378355
0.7845028052,0.7410691408,r,-0.1054054991,-0.130141271,1.5255719461,58.1370819847,67.5342164416,1,1.5690056104,1.5483736514,1.7845028052,1.7604087764
0.0600940904,0.898260806,n,-1.221168234,-0.0465975496,0.9583548964,5.3980166088,5.6955148857,0,0.1201881808,0.0426441299,1.0600940904,1.0326257791
0.8004306443,0.4811773743,o,-0.0966762929,-0.3176948021,1.2816080186,38.5149115699,55.5234324256,1,1.6008612886,1.6947519255,1.8004306443,1.8210501197
0.5896374418,0.0747689689,g,-0.2294149467,-1.1262786087,0.6644064107,4.4086583523,16.1229961005,1,1.1792748836,1.1965903911,1.5896374418,1.6602401731
0.663245738,0.0285420155,g,-0.1783255321,-1.5445153628,0.6917877535,1.8930370114,11.2051270842,1,1.326491476,1.2795117279,1.663245738,1.7377690394
0.7729481026,0.7665238802,s,-0.1118496646,-0.1154743106,1.5394719827,59.2483178756,67.672649484,1,1.5458962051,1.4496974978,1.7729481026,1.7682528835
0.0518083402,0.2066945191,c,-1.2856003208,-0.6846710393,0.2585028594,1.0708499974,2.355397228,0,0.1036166805,0.1929585081,1.0518083402,1.0816201529
0.4930029865,0.4937793519,l,-0.3071504498,-0.3064670746,0.9867823385,24.3434695193,34.6430414018,0,0.9860059731,0.9319362124,1.4930029865,1.4749291547
0.2362175528,0.404980782,h,-0.6266878341,-0.3925655854,0.6411983347,9.5663569243,15.0324363355,0,0.4724351056,0.5006681009,1.2362175528,1.3128449015
0.3364868853,0.4077669438,i,-0.4730318579,-0.3895879838,0.7442538291,13.7208228857,21.4869191763,0,0.6729737706,0.6936445739,1.3364868853,1.3310617183
0.128389389,0.1004255237,b,-0.8914708679,-0.9981558948,0.2288149127,1.2893571631,4.06865799,1,0.256778778,0.3038583012,1.128389389,1.0748809126
0.5092457016,0.3065274958,i,-0.2930726281,-0.5135305627,0.8157731974,15.6097809684,28.1943502515,1,1.0184914032,0.9238133859,1.5092457016,1.5307439721
0.6698110525,0.3021260158,k,-0.1740476905,-0.5198118765,0.9719370683,20.2367344611,36.8168282292,1,1.339622105,1.3979956545,1.6698110525,1.6391111544
0.8770913573,0.1606032983,k,-0.0569551685,-0.7942455398,1.0376946556,14.086376492,35.1497355269,1,1.7541827145,1.771104846,1.8770913573,1.9562101155
0.7556072567,0.0170101218,g,-0.1217038799,-1.7692925756,0.7726173785,1.2852971498,9.8548457796,1,1.5112145133,1.4846376791,1.7556072567,1.7074961945
0.8279731239,0.3535850055,m,-0.0819837602,-0.4515061604,1.1815581294,29.2758881563,49.2337776033,1,1.6559462477,1.6405571271,1.8279731239,1.7935259757
0.637115987,0.0245477729,f,-0.1957814971,-1.6099879023,0.66166376,1.5639778591,9.9821605745,1,1.274231974,1.2132044268,1.637115987,1.6808261409
0.7579388937,0.820195345,s,-0.1203658065,-0.0860826999,1.5781342387,62.1657952425,68.6424606748,0,1.5158777875,1.5658893002,1.7579388937,1.6590728047
0.6678480469,0.7129141828,q,-0.1753223398,-0.1469627453,1.3807622297,47.6118344571,56.3892460049,0,1.3356960937,1.3828092398,1.6678480469,1.6330382688
0.2443792981,0.6112640183,k,-0.611935587,-0.2137711679,0.8556433164,14.9380271734,19.1063983918,0,0.4887585961,0.4297698548,1.2443792981,1.1644920276
0.8356735811,0.4300550742,n,-0.0779633274,-0.3664759238,1.2657286553,35.9385663899,54.8022905315,1,1.6713471622,1.688251463,1.8356735811,1.8906690023
0.4230029271,0.2726970126,h,-0.3736566274,-0.5643196197,0.6956999397,11.5351634557,22.0893818527,1,0.8460058542,0.7524929123,1.4230029271,1.3603179254
0.4830934063,0.1776736537,g,-0.3159688901,-0.7503769667,0.66076706,8.5832970577,20.3630405709,1,0.9661868126,1.0516427635,1.4830934063,1.508180914
0.3168152487,0.6380668897,l,-0.4991939235,-0.195133791,0.9548821384,20.2149320347,25.3069135215,0,0.6336304974,0.5352717056,1.3168152487,1.4068804742
0.1887088893,0.7814960962,m,-0.7242076415,-0.1070731871,0.9702049855,14.7475260299,16.6822937781,0,0.3774177786,0.3574895611,1.1887088893,1.2840460004
0.0165545451,0.8344159741,l,-1.7810827475,-0.0786173903,0.8509705192,1.3813376913,1.5121976449,0,0.0331090903,0.1206608168,1.0165545451,0.9569800391
0.3697712023,0.5723622059,l,-0.4320669146,-0.2423290512,0.9421334083,21.1643061059,27.9749010994,0,0.7395424047,0.6436231391,1.3697712023,1.4485930379
0.4431071186,0.997731358,s,-0.3534912729,-0.000986378,1.4408384766,44.2101867198,44.2604207504,0,0.8862142372,0.8076075279,1.4431071186,1.4387951689
0.8188431677,0.8741900588,u,-0.0867992703,-0.0583941366,1.6930332265,71.5824556949,76.5603061487,0,1.6376863355,1.5512365349,1.8188431677,1.7698572917
0.8541983846,0.5155517624,p,-0.0684412542,-0.2877277242,1.369750147,44.0383482621,61.3330954252,1,1.7083967691,1.6443457542,1.8541983846,1.781332937
0.3526629179,0.9664805252,r,-0.4526402035,-0.0148068927,1.3191434431,34.0841842138,34.6702002589,0,0.7053258359,0.6466150629,1.3526629179,1.3250848657
0.3889105853,0.6924743361,n,-0.4101502361,-0.1595963174,1.0813849214,26.9310599381,32.363211033,0,0.7778211706,0.8047139459,1.3889105853,1.4624463799
0.4052041734,0.2977330347,h,-0.3923260903,-0.5261729759,0.7029372081,12.0642668225,22.1099327579,1,0.8104083468,0.7206357638,1.4052041734,1.4609982448
0.7826277055,0.2370116734,k,-0.1064447819,-0.6252302634,1.0196393789,18.5491902122,38.1013256651,1,1.565255411,1.4871050102,1.7826277055,1.852003567
0.7899271045,0.3075554953,l,-0.1024129841,-0.5120765087,1.0974825998,24.2946421868,43.807529441,1,1.579854209,1.5745683092,1.7899271045,1.749686044
0.7166649024,0.4192947783,m,-0.1446838639,-0.3774805461,1.1359596807,30.0493851337,46.4061845706,1,1.4333298048,1.3973858889,1.7166649024,1.6757741792
0.312499891,0.1037943689,d,-0.5051501298,-0.9838262073,0.41629426,3.2435728976,10.0678506995,1,0.6249997821,0.6305605406,1.312499891,1.322668013
0.009438914,0.6359321184,i,-2.0250779702,-0.19658924,0.6453710324,0.6002508584,0.7527095216,0,0.018877828,-0.0528279026,1.009438914,1.0767022511
0.6797266423,0.8316309997,s,-0.1676657073,-0.0800693304,1.511357642,56.528174707,61.9868585995,0,1.3594532846,1.2667659263,1.6797266423,1.7235410949
0.0545888154,0.421629573,f,-1.2628963297,-0.3750689354,0.4762183884,2.301625894,3.5446160739,0,0.1091776309,0.0479801501,1.0545888154,1.1207471794
0.3182947726,0.6231092177,l,-0.4971704937,-0.2054358241,0.9414039904,19.8332406792,25.1253195657,0,0.6365895453,0.5601074119,1.3182947726,1.295897306
0.2464247851,0.2039882406,e,-0.6083156135,-0.6903948679,0.4504130257,5.0267758348,11.1297895529,1,0.4928495702,0.4193163877,1.2464247851,1.2325298653
0.2912917444,0.8493933913,o,-0.5356718236,-0.0708911224,1.1406851357,24.742128267,26.8461872605,0,0.5825834889,0.5625066647,1.2912917444,1.2158452332
0.7436212271,0.269573733,k,-0.1286482215,-0.5693224273,1.0131949601,20.046075011,38.6091788286,1,1.4872424542,1.5002203765,1.7436212271,1.7152614458
0.7534218633,0.5642006544,o,-0.1229617813,-0.2485664145,1.3176225177,42.5081108313,56.5919959607,1,1.5068437266,1.4789178709,1.7534218633,1.8434536325
0.617822069,0.1205435251,g,-0.2091365825,-0.9188561125,0.7383655941,7.4474450072,21.4503983248,1,1.235644138,1.2100283267,1.617822069,1.6432106793
0.208945646,0.8927245419,o,-0.6799666743,-0.0492825258,1.1016701879,18.6530906073,19.7420416014,0,0.4178912919,0.3346392001,1.208945646,1.1732625191
0.8809277413,0.3463117376,n,-0.0550597134,-0.4605327886,1.2272394788,30.5075616744,51.8410622945,1,1.7618554826,1.7642148087,1.8809277413,1.7881558975
0.1396510859,0.328066167,f,-0.8549556828,-0.4840385555,0.4677172529,4.5814796478,7.998803711,0,0.2793021719,0.3395694093,1.1396510859,1.1856758995
0.4601993291,0.7793184551,p,-0.3370540188,-0.1082850391,1.2395177842,35.8641830188,40.6259436357,0,0.9203986581,0.9925498206,1.4601993291,1.5526361191
0.0844828193,0.8556929291,m,-1.0732316016,-0.0676820567,0.9401757484,7.2291351114,7.8149709876,0,0.1689656386,0.1976927539,1.0844828193,1.1078856796
0.3556769143,0.885937273,p,-0.4489443223,-0.0525970264,1.2416141874,31.5107435566,33.4778195773,0,0.7113538287,0.7498243909,1.3556769143,1.4216951319
0.2380499472,0.040423587,b,-0.6233319105,-1.3933651522,0.2784735342,0.9622832742,4.7861412705,1,0.4760998944,0.4084075624,1.2380499472,1.2529411815
0.5205021081,0.7194992765,o,-0.2835775072,-0.1429696384,1.2400013846,37.4500890222,44.150708133,0,1.0410042163,1.0818331237,1.5205021081,1.5890288041
0.3868019124,0.9403661604,q,-0.4125113873,-0.0267030076,1.3271680728,36.3735429229,37.5091401729,0,0.7736038249,0.8200339315,1.3868019124,1.3534490244
0.7485094578,0.9041743982,u,-0.1258027078,-0.0437477942,1.652683856,67.6783088528,71.1743312327,0,1.4970189156,1.4540406909,1.7485094578,1.750001344
0.4371449109,0.4525071904,k,-0.3593745731,-0.3443745154,0.8896521013,19.7811215439,29.4061500628,0,0.8742898218,0.9494779198,1.4371449109,1.3634515864
0.9152274402,0.759885075,t,-0.0384709674,-0.1192520854,1.6751125152,69.5467672061,79.7816455855,1,1.8304548804,1.8375103871,1.9152274402,1.9645149214
0.757146535,0.2966030042,l,-0.1208200608,-0.5278244544,1.0537495392,22.4571936905,41.2351626504,1,1.51429307,1.5308828946,1.757146535,1.6699488997
0.1904353322,0.8919593685,o,-0.720252472,-0.0496549286,1.0823947007,16.9860578687,17.9853984493,0,0.3808706645,0.4346240105,1.1904353322,1.1829061814
0.3220243799,0.2912235241,g,-0.4921112474,-0.535773547,0.613247904,9.378107476,17.3780874788,1,0.6440487597,0.5808486799,1.3220243799,1.3901114351
0.8723213538,0.1555838706,k,-0.0593234962,-0.8080354284,1.0279052244,13.5719132622,34.4079492996,1,1.7446427075,1.663632775,1.8723213538,1.8874537076
0.1774534648,0.2149766509,d,-0.7509155165,-0.6676087072,0.3924301157,3.8148351559,8.2277318634,0,0.3549069297,0.4249238558,1.1774534648,1.2554267787
0.4490178793,0.4832940279,k,-0.3477363656,-0.3157885715,0.9323119072,21.7007659477,31.2154319295,0,0.8980357586,0.9831321314,1.4490178793,1.4104464051
0.7178604635,0.2575644376,k,-0.143959965,-0.5891141011,0.9754249011,18.489532655,36.4319975878,1,1.4357209271,1.3654708995,1.7178604635,1.7830956835
0.4922747607,0.0015408299,d,-0.3077924302,-2.8122453045,0.4938155906,0.0758511667,1.9323461113,1,0.9845495215,1.0674856744,1.4922747607,1.4047821977
0.1421812684,0.4554890022,h,-0.8471576157,-0.3415221047,0.5976702706,6.4762004083,9.5958031902,0,0.2843625369,0.3757750083,1.1421812684,1.1214632979
0.3754714385,0.2912830617,h,-0.4254230935,-0.5356847691,0.6667545002,10.9368470202,20.2644360481,1,0.750942877,0.770207728,1.3754714385,1.3488877954
0.6987199478,0.7202458049,q,-0.1556968578,-0.1425192626,1.4189657527,50.3250111205,59.2984731209,0,1.3974398957,1.4656174526,1.6987199478,1.6704002948
0.992483217,0.1534333394,l,-0.0032768285,-0.8140802625,1.1459165565,15.2280014326,38.8761313029,1,1.9849664341,2.0565067172,1.992483217,2.0231106645
0.9562170575,0.9382151712,w,-0.0194435134,-0.0276975487,1.8944322288,89.7137350361,92.6206260705,1,1.9124341151,1.9418478712,1.9562170575,2.012087698
0.6810413422,0.3180648945,k,-0.1668265237,-0.4974842622,0.9991062367,21.6615342678,38.4088536303,1,1.3620826844,1.2686992699,1.6810413422,1.7589046832
0.5607105582,0.6031902954,n,-0.251261266,-0.2195456544,1.1639008536,33.8215167235,43.547768624,0,1.1214211164,1.1300002418,1.5607105582,1.5653960719
0.3560355133,0.7155318761,n,-0.4485066805,-0.1453710142,1.0715673894,25.4754758809,30.1167297906,0,0.7120710267,0.7508983246,1.3560355133,1.3595012791
0.3787338124,0.7019823249,n,-0.4216659205,-0.1536738227,1.0807161373,26.5864442139,31.7319797277,0,0.7574676247,0.8475079181,1.3787338124,1.3266053096
0.346893372,0.6174101734,l,-0.459803998,-0.2094262187,0.9643035454,21.4175496969,27.2573036719,0,0.693786744,0.602316221,1.346893372,1.421813856
0.8073317844,0.4269026392,n,-0.0929479491,-0.3696711603,1.2342344236,34.465206948,52.7492720565,1,1.6146635688,1.6263223273,1.8073317844,1.7606401235
0.3028691912,0.8086270718,o,-0.5187449023,-0.0922517231,1.111496263,24.4908227184,27.2351164263,0,0.6057383823,0.5068580597,1.3028691912,1.3888665261
0.9600326379,0.7210907531,t,-0.0177140021,-0.1420100736,1.681123391,69.2270657882,81.5231516717,1,1.9200652759,1.9414243257,1.9600326379,1.9557692281
0.5464126775,0.6843162973,o,-0.262479233,-0.164743117,1.2307289748,37.3919100264,45.2011213075,0,1.092825355,1.0155555195,1.5464126775,1.6248056151
0.4005104622,0.5022237762,k,-0.3973861347,-0.2991027308,0.9027342384,20.1145876746,28.3832746652,0,0.8010209245,0.7376972687,1.4005104622,1.4177065114
0.0432377683,0.1526560662,b,-1.3641367296,-0.8162859331,0.1958938346,0.6600507628,1.6893525973,0,0.0864755367,0.1379582655,1.0432377683,1.1079969289
0.9662539444,0.3876826093,o,-0.0149087202,-0.4115236802,1.3539365537,37.4599850388,60.1629938604,1,1.9325078889,2.0296683234,1.9662539444,1.9132424125
0.6364621385,0.5082726208,m,-0.1962274263,-0.2939032838,1.1447347593,32.3496279207,45.3754486105,1,1.272924277,1.1810567421,1.6364621385,1.6418127629
0.8987139841,0.1622869393,k,-0.0463785006,-0.7897164303,1.0610009234,14.5849541808,36.2045608718,1,1.7974279681,1.8072828898,1.8987139841,1.8528108257
0.753827434,0.0913503363,h,-0.1227280613,-1.0392898494,0.8451777704,6.8862389631,22.7838448197,1,1.5076548681,1.4645396115,1.753827434,1.817147406
0.0112957112,0.3814007819,e,-1.9470864215,-0.4186184209,0.3926964931,0.4308193067,0.6975966205,0,0.0225914223,0.1217106496,1.0112957112,0.9235668438
0.0992435445,0.9951045534,o,-1.0032977332,-0.0021312865,1.0943480979,9.8757703036,9.9000325741,0,0.198487089,0.2091846285,1.0992435445,1.0734771875
0.4970097409,0.0665553256,e,-0.3036350994,-1.1768171873,0.5635650665,3.3078645153,12.8220157764,1,0.9940194818,1.0117517316,1.4970097409,1.5514152652
0.9836502022,0.0590427918,j,-0.0071593145,-1.2288331151,1.042692994,5.8077454126,23.9014433648,1,1.9673004043,1.9339164769,1.9836502022,1.8927483933
0.2032355869,0.3728186777,g,-0.6920002441,-0.4285023382,0.5760542646,7.5770022757,12.4093372274,0,0.4064711737,0.3550628911,1.2032355869,1.1709595256
0.237598462,0.084481922,c,-0.6241563749,-1.0732362144,0.322080384,2.0072774731,6.9059832065,1,0.4751969241,0.3928147237,1.237598462,1.3159672181
0.282393682,0.9649993374,q,-0.5491450239,-0.0154729848,1.2473930195,27.2509716077,27.7407682153,0,0.5647873641,0.4979069565,1.282393682,1.3009094979
0.7169995822,0.1752203053,i,-0.1444810974,-0.7564155672,0.8922198876,12.5632885725,30.0131182288,1,1.4339991645,1.5019267255,1.7169995822,1.7404397499
0.1197940728,0.5757709022,i,-0.9215646695,-0.2397502869,0.695564975,6.8973941385,9.0899226381,0,0.2395881456,0.3270070903,1.1197940728,1.0377301124
0.2971340134,0.1128001553,d,-0.527047631,-0.9476903024,0.4099341687,3.3516762854,9.979464045,1,0.5942680268,0.5260461505,1.2971340134,1.2435138364
0.4340177609,0.9006074548,q,-0.3624924979,-0.0454644625,1.3346252157,39.0879631003,41.1884331134,0,0.8680355218,0.8322523735,1.4340177609,1.4416586211
0.9749720972,0.2199984763,m,-0.0110078132,-0.657580327,1.1949705735,21.4492375847,45.730086542,1,1.9499441944,1.9748668072,1.9749720972,2.0557268508
0.4058785974,0.4259534648,j,-0.3916038491,-0.3706378447,0.8318320622,17.2885394859,26.4897115079,0,0.8117571948,0.8336118636,1.4058785974,1.4613059957
0.1845259715,0.1975340352,d,-0.7339424994,-0.7043580645,0.3820600067,3.6450159755,8.2012201174,0,0.3690519431,0.2864305421,1.1845259715,1.216933452
0.7048324696,0.0646494026,h,-0.1519140975,-1.1894354837,0.7694818722,4.5566998112,17.9212443236,1,1.4096649392,1.4437654139,1.7048324696,1.671558505
0.3298321371,0.3214609285,h,-0.4817070313,-0.4928718052,0.6512930656,10.6028145052,18.7006656766,1,0.6596642742,0.5648799977,1.3298321371,1.40931119
0.6787252252,0.3225965553,k,-0.1683060097,-0.4913402743,1.0013217805,21.8954419659,38.5499530195,1,1.3574504503,1.4251159762,1.6787252252,1.5843061756
0.9572768356,0.583662142,r,-0.0189624501,-0.2338384753,1.5409389776,55.8726248381,73.1338290397,1,1.9145536711,1.8490376001,1.9572768356,1.9082731462
0.9924317705,0.7621007955,u,-0.0032993412,-0.117987585,1.7545325661,75.6333041828,86.6376904022,1,1.9848635411,1.9138471923,1.9924317705,1.9508691024
0.4839170971,0.8222306811,q,-0.3152290337,-0.0850063218,1.3061477782,39.789148433,43.8801198786,0,0.9678341942,0.9995084663,1.4839170971,1.4163631407
0.3173356075,0.1707915554,e,-0.498481194,-0.7675336063,0.4881271629,5.4198241995,13.1145080152,1,0.634671215,0.6030712241,1.3173356075,1.3077609085
0.9005151538,0.2822945181,m,-0.0455089745,-0.5492975554,1.1828096719,25.4210491359,47.8456267298,1,1.8010303075,1.7519851526,1.9005151538,1.8717211031
0.7575949335,0.4613417794,n,-0.1205629384,-0.3359772136,1.2189367129,34.9510194721,51.4574729973,1,1.515189867,1.4676180427,1.7575949335,1.7735921397
0.1538478357,0.4153566009,g,-0.8129086089,-0.3815788833,0.5692044366,6.3901714101,9.9152107459,0,0.3076956715,0.2697635941,1.1538478357,1.1229867766
0.9549949314,0.9118114111,w,-0.0199989334,-0.040094977,1.8668063425,87.0775275995,91.1913359328,1,1.9099898627,1.9569079079,1.9549949314,1.8668534843
0.0656641128,0.7766383663,l,-1.1826719192,-0.1097811589,0.8423024791,5.0997269289,5.786787056,0,0.1313282256,0.0379509936,1.0656641128,1.0970268161
0.9068412313,0.5739370158,q,-0.0424687421,-0.2411357647,1.4807782471,52.0469750121,68.7010501406,1,1.8136824626,1.8728293483,1.9068412313,1.8687058388
0.7769932842,0.8223620143,t,-0.1095827349,-0.0849369584,1.5993552986,63.8969762341,70.4609973083,0,1.5539865685,1.5369370935,1.7769932842,1.8022549823
0.9210487157,0.1925355026,l,-0.0357173987,-0.715489177,1.1135842183,17.7334577401,40.4145746936,1,1.8420974314,1.8411624943,1.9210487157,1.9382737431
0.0313074735,0.6148852927,i,-1.5043519777,-0.2112058946,0.6461927663,1.9250505035,2.4549637006,0,0.0626149471,-0.0325059157,1.0313074735,1.1109317521
0.1527493955,0.030829849,a,-0.8160204999,-1.511028603,0.1835792444,0.470924079,2.6820396786,1,0.3054987909,0.2878384399,1.1527493955,1.1153575359
0.0647539289,0.791390202,l,-1.1887338758,-0.1016093309,0.8561441309,5.1245624889,5.7605169486,0,0.1295078578,0.0586031769,1.0647539289,1.1550949702
0.8852190347,0.7652731934,t,-0.0529492561,-0.1161834992,1.6504922281,67.743439754,77.4388677274,1,1.7704380695,1.8511296192,1.8852190347,1.9331964896
0.1982209561,0.9964513951,p,-0.7028504333,-0.0015438805,1.1946723512,19.7517548283,19.7868939642,0,0.3964419123,0.4027503675,1.1982209561,1.2071789273
0.4658762363,0.5013682111,l,-0.3317294417,-0.2998432056,0.9672444474,23.3575535208,32.9874659894,0,0.9317524727,0.9882585057,1.4658762363,1.4050013453
0.662798408,0.9860875814,u,-0.1786185434,-0.0060845106,1.6488859893,65.3577279038,65.8171694941,0,1.3255968159,1.231778586,1.662798408,1.6267689646
0.6146094485,0.3617620247,k,-0.2114007676,-0.4415770244,0.9763714732,22.2342358476,36.9667031685,1,1.2292188969,1.2225930359,1.6146094485,1.6937589705
0.8837798848,0.6542539825,r,-0.0536558874,-0.1842536251,1.5380338673,57.8216509248,71.4853915092,1,1.7675597696,1.8645295096,1.8837798848,1.8031207605
0.8291904512,0.3971729963,n,-0.0813457078,-0.4010202867,1.2263634475,32.9332056008,52.2569608867,1,1.6583809024,1.7363416119,1.8291904512,1.8360010118
0.2475942636,0.6681694144,l,-0.6062594214,-0.1751134082,0.915763678,16.5434914141,20.2387587927,0,0.4951885273,0.4928155146,1.2475942636,1.2057754899
0.7379088546,0.5366745167,o,-0.1319972783,-0.2702890261,1.2745833714,39.601687795,54.0577802741,1,1.4758177092,1.3815805244,1.7379088546,1.8378028965
0.7998904793,0.1408774431,j,-0.0969694724,-0.8511585392,0.9407679224,11.2686525511,30.022804483,1,1.5997809586,1.6342212992,1.7998904793,1.7617539819
0.9813738898,0.3206829268,n,-0.0081655009,-0.4939241613,1.3020568166,31.470985128,55.5740974664,1,1.9627477797,1.966458426,1.9813738898,1.9767297853
0.9801106318,0.2727232124,m,-0.0087248998,-0.5642778962,1.2528338442,26.7298919982,51.184227389,1,1.9602212636,1.9319425471,1.9801106318,1.9633314523
0.274741688,0.9223839834,p,-0.5610754377,-0.0350882469,1.1971256714,25.3417332621,26.3864180487,0,0.5494833761,0.4971086003,1.274741688,1.3159422202
0.2344975162,0.1078267712,c,-0.629861753,-0.9672733992,0.3423242874,2.5285110028,7.7001918794,1,0.4689950324,0.4518766467,1.2344975162,1.1533563601
0.4471012761,0.2900070993,h,-0.3495940905,-0.5375913706,0.7371083754,12.9662544175,24.0774352802,1,0.8942025523,0.8939024052,1.4471012761,1.4026322595
0.2626062941,0.0090760123,b,-0.580694869,-2.0421049243,0.2716823064,0.2383417955,2.5018004648,1,0.5252125883,0.5473746791,1.2626062941,1.2592886754
0.8615176214,0.2049608948,k,-0.0647358351,-0.6883289917,1.0664785162,17.6577422551,39.0031487287,1,1.7230352429,1.7287275024,1.8615176214,1.874843121
0.3764484869,0.5093257055,k,-0.4242944441,-0.2930044046,0.8857741924,19.1734891179,26.8660212306,0,0.7528969739,0.7654855843,1.3764484869,1.3618064187
0.9893430092,0.8145577214,v,-0.0046531107,-0.0890781352,1.8039007306,80.5876987222,89.291027745,1,1.9786860184,1.9453095668,1.9893430092,1.9986245261
0.0866860049,0.3622255144,f,-1.062051012,-0.4410209622,0.4489115193,3.1399882708,5.2172122688,0,0.1733720098,0.136278606,1.0866860049,1.1233691914
0.055096471,0.7368882962,k,-1.2588762175,-0.1325983412,0.7919847672,4.059994463,4.7296021727,0,0.110192942,0.0871668471,1.055096471,0.9910236013
0.6236360928,0.8463659834,r,-0.2050687581,-0.0724417999,1.4700020761,52.7824374909,57.3733675873,0,1.2472721855,1.3427131673,1.6236360928,1.6034605132
0.7692162758,0.0496052376,h,-0.1139515351,-1.3044724662,0.8188215133,3.8157156089,17.1321643411,1,1.5384325515,1.5681200066,1.7692162758,1.8266450776
0.1137727404,0.8828842496,n,-0.9439617813,-0.0540962308,0.9966569899,10.0448160488,10.6903051791,0,0.2275454807,0.1788095745,1.1137727404,1.1632284732
0.7349805625,0.4363536052,m,-0.1337241463,-0.3601614315,1.1713341677,32.0711418215,48.5506599904,1,1.4699611249,1.4314484182,1.7349805625,1.6609264913
0.7497587884,0.6241021596,p,-0.1250784349,-0.2047443146,1.373860948,46.7926079037,59.2310467637,1,1.4995175768,1.4772898391,1.7497587884,1.6673480385
0.563021363,0.5540470649,m,-0.2494751262,-0.2564533415,1.1170684278,31.1940333617,41.9081223398,1,1.126042726,1.155971061,1.563021363,1.5409228343
0.1024689653,0.1626749053,c,-0.989407649,-0.7886794375,0.2651438706,1.666912923,4.1328784465,0,0.2049379307,0.160637123,1.1024689653,1.1316344794
0.119643525,0.4035508067,g,-0.9221108001,-0.3941017802,0.5231943317,4.8282241024,7.6004325603,0,0.23928705,0.1668029133,1.119643525,1.0477150901
0.9664635744,0.3168656591,n,-0.0148145097,-0.4991248257,1.2833292335,30.6239117498,54.4030286042,1,1.9329271489,1.869921312,1.9664635744,1.9600534998
0.3253379792,0.3245769804,h,-0.4876652352,-0.4886822843,0.6499149597,10.5597218924,18.5350440567,1,0.6506759585,0.727842542,1.3253379792,1.4071403318
0.9470607883,0.6903170478,s,-0.0236221444,-0.1609514013,1.637377836,65.3772207417,78.6868490991,1,1.8941215766,1.9700269673,1.9470607883,1.9697157926
0.341301935,0.9696519822,q,-0.4668612495,-0.0133841104,1.3109539172,33.0944097823,33.6083116167,0,0.6826038701,0.7673903483,1.341301935,1.3680145037
0.3678716908,0.6421034951,m,-0.4343036316,-0.1923949661,1.0099751859,23.6211698386,29.478059106,0,0.7357433815,0.702491189,1.3678716908,1.2829901186
0.3408044416,0.3276512227,h,-0.4674947538,-0.484588207,0.6684556643,11.1664991992,19.5079279377,1,0.6816088832,0.5832658902,1.3408044416,1.2953885406
0.1556233342,0.8604322695,n,-0.8079252842,-0.0652833103,1.0160556037,13.3903338659,14.4355408718,0,0.3112466685,0.2114750157,1.1556233342,1.1624080307
0.0114664563,0.5617782029,h,-1.9405707781,-0.2504351155,0.5732446592,0.6441605239,0.859432285,0,0.0229329127,-0.0022289612,1.0114664563,0.9534501132
0.2618387293,0.1720454688,e,-0.5819661154,-0.764356761,0.4338841981,4.504816693,10.860642147,1,0.5236774585,0.5210558409,1.2618387293,1.3162908792
0.9394721373,0.9562200392,w,-0.0271160956,-0.0194421592,1.8956921764,89.8342083879,91.8676960376,0,1.8789442745,1.9063539979,1.9394721373,1.9379944102
0.9748158541,0.1039970568,k,-0.0110774162,-0.9829789512,1.0788129109,10.1377979786,31.4364218626,1,1.9496317082,1.97603073,1.9748158541,1.9629233704
0.5679955697,0.962429221,t,-0.2456550517,-0.0166311995,1.5304247907,54.665553366,55.7223403361,0,1.1359911393,1.1798810052,1.5679955697,1.6601397153
0.6970106361,0.3489188168,l,-0.1567605947,-0.4572756089,1.0459294529,24.3200126425,41.1719655613,1,1.3940212722,1.3930043053,1.6970106361,1.708402351
0.2353472963,0.1872910743,e,-0.6282907865,-0.7274829192,0.4226383707,4.4078447969,10.1851576112,1,0.4706945927,0.4970103921,1.2353472963,1.209557681
0.8941135916,0.770645147,t,-0.0486073033,-0.1131455522,1.6647587386,68.9044300225,78.4910105727,1,1.7882271833,1.7772002668,1.8941135916,1.965420368
0.7190430134,0.9026581168,t,-0.1432451292,-0.0444767083,1.6217011302,64.9050012359,68.315069841,0,1.4380860268,1.3668593238,1.7190430134,1.7094449272
0.5208269698,0.2814494071,i,-0.283306535,-0.5505996619,0.8022763769,14.6586441844,27.6308111198,1,1.0416539395,0.9795752681,1.5208269698,1.5440054781
0.5443161253,0.4000065257,k,-0.2641487995,-0.3979329236,0.944322651,21.7730002169,34.4258552762,1,1.0886322507,0.9968739576,1.5443161253,1.5629071222
0.1859458049,0.770908372,m,-0.7306136152,-0.1129972379,0.9568541769,14.334717776,16.3262997501,0,0.3718916099,0.4249041266,1.1859458049,1.1769029317
0.0017375816,0.7806898425,k,-2.7600547995,-0.1075214712,0.7824274241,0.1356512279,0.1535268944,0,0.0034751631,-0.0062902302,1.0017375816,1.084129016
0.3970991855,0.5774593554,l,-0.4011010037,-0.2384785783,0.9745585409,22.930863967,30.1758635405,0,0.794198371,0.7555794894,1.3970991855,1.4967760134
0.9035935455,0.9888525412,w,-0.0440268799,-0.0048684661,1.8924460867,89.3520773722,89.8543045127,0,1.8071870911,1.8933037505,1.9035935455,1.9781714375
0.1972706672,0.9917876571,p,-0.7049374866,-0.0035813008,1.1890583243,19.5650612826,19.6458970084,0,0.3945413344,0.4182951583,1.1972706672,1.1798465298
0.4057468865,0.5795508455,l,-0.391744804,-0.2369084562,0.9852977321,23.5150951154,30.8887951027,0,0.811493773,0.8053488899,1.4057468865,1.3544218576
0.2273516229,0.1386351322,d,-0.6433019414,-0.858126699,0.3659867551,3.1518922302,8.4651509951,1,0.4547032458,0.4291122118,1.2273516229,1.1941103082
0.8059744472,0.5008625309,o,-0.093678727,-0.3002814563,1.3068369781,40.3682401448,57.0401350225,1,1.6119488943,1.6111501081,1.8059744472,1.7403743049
0.9885664273,0.1520169915,l,-0.0049941427,-0.8181078666,1.1405834188,15.0278894186,38.5435687914,1,1.9771328545,2.0759248893,1.9885664273,2.0797420616
0.6549382117,0.0190756228,f,-0.1837996704,-1.7195212743,0.6740138344,1.2493354271,9.0456481825,1,1.3098764233,1.3572982907,1.6549382117,1.5714267301
0.5400858321,0.1957136733,h,-0.2675372153,-0.7083788319,0.7357995054,10.5702182076,23.8931477549,1,1.0801716642,1.050978848,1.5400858321,1.5324532206
0.0108283968,0.0987741612,a,-1.9654358393,-1.0053566497,0.109602558,0.1069565808,0.3403187174,0,0.0216567935,0.065298596,1.0108283968,0.9312363856
0.3842508565,0.7330746581,n,-0.4153851558,-0.1348517935,1.1173255146,28.1684565226,32.8994734673,0,0.7685017129,0.7668804141,1.3842508565,1.2849255599
0.8347501024,0.6364064903,q,-0.078443519,-0.1962653999,1.4711565927,53.1240382964,66.5922641198,1,1.6695002047,1.6620973062,1.8347501024,1.856246574
0.7981213813,0.6164020032,q,-0.0979310545,-0.2101359586,1.4145233845,49.1963618254,62.6615258798,1,1.5962427626,1.6017859681,1.7981213813,1.7087509769
0.1041712144,0.9677520832,o,-0.982252273,-0.0142358851,1.0719232976,10.0811909738,10.2477797901,0,0.2083424288,0.1732517409,1.1041712144,1.0884114607
0.2096600614,0.8564556406,n,-0.6784842913,-0.067295126,1.066115702,17.9564542204,19.4029670267,0,0.4193201228,0.4291202169,1.2096600614,1.2832697021
0.2333975493,0.8364138196,n,-0.6319037085,-0.0775788002,1.0698113688,19.5216935649,21.345527483,0,0.4667950985,0.5521811731,1.2333975493,1.1617259112
0.5370453068,0.4761831395,l,-0.2699890744,-0.322225986,1.0132284462,25.5731920219,37.0593615085,1,1.0740906135,1.1546354709,1.5370453068,1.6280032201
0.6381074998,0.4790907889,m,-0.195106151,-0.3195821789,1.1171982887,30.5711425464,44.1674940839,1,1.2762149996,1.2317359555,1.6381074998,1.5888005078
0.0578915526,0.4259442412,f,-1.2373848031,-0.370647249,0.4838357938,2.4658573433,3.7782576675,0,0.1157831051,0.1644600614,1.0578915526,1.1483600342
0.5000866062,0.8518684425,q,-0.3009547769,-0.0696274699,1.3519550487,42.6007998375,46.1563532075,0,1.0001732125,0.9360159555,1.5000866062,1.5427807062
0.7362869587,0.3471520245,l,-0.1329528918,-0.4594802977,1.0834389832,25.5603508324,43.3817392196,1,1.4725739174,1.3754721237,1.7362869587,1.6506008076
0.9203056952,0.3236362617,n,-0.0360678904,-0.4899428239,1.2439419569,29.7844294843,52.3553054439,1,1.8406113903,1.7873102167,1.9203056952,1.86599689
0.5739379749,0.7963304766,q,-0.241135039,-0.0989066629,1.3702684515,45.7044301093,51.2167043644,0,1.1478759497,1.0941218323,1.5739379749,1.5467739629
0.1058510987,0.76219404,l,-0.9753046299,-0.1179344515,0.8680451387,8.0679076528,9.2411952092,0,0.2117021973,0.2337891141,1.1058510987,1.0531485721
0.4301170544,0.5599724895,l,-0.3664133371,-0.2518333086,0.9900895439,24.085371771,32.1862224557,0,0.8602341088,0.7761725448,1.4301170544,1.4976820785
0.4062709254,0.3625675142,i,-0.3911842566,-0.440611111,0.7688384396,14.7300639514,24.4630266178,1,0.8125418508,0.8636256064,1.4062709254,1.4057458552
0.9020018089,0.2816200503,m,-0.0447925915,-0.5503364283,1.1836218592,25.4021794796,47.867328983,1,1.8040036177,1.8525569894,1.9020018089,1.9470680953
0.0949929145,0.024494685,a,-1.0223087876,-1.6109281412,0.1194875995,0.2326821517,1.4867130099,1,0.1899858289,0.2135505695,1.0949929145,1.0173276089
0.5222752003,0.4966362468,l,-0.2821005957,-0.3039615868,1.0189114471,25.9380795295,36.8059990801,1,1.0445504007,1.1009717779,1.5222752003,1.5757821446
0.6352292805,0.3903076404,l,-0.1970694916,-0.4085929472,1.0255369209,24.7934841581,39.6856990636,1,1.2704585609,1.3432140838,1.6352292805,1.628091436
0.0193335006,0.642534896,i,-1.7136895027,-0.1921032808,0.6618683967,1.2422448829,1.5497400507,0,0.0386670013,0.1119017567,1.0193335006,1.0507382941
0.8517298973,0.0203285271,h,-0.0696981079,-1.6918940873,0.8720584244,1.7314414286,12.1438067761,1,1.7034597946,1.6315398505,1.8517298973,1.7903614372
0.3351132357,0.6845068375,m,-0.4748084188,-0.1646222094,1.0196200733,22.9387301211,27.7255695611,0,0.6702264715,0.7227032246,1.3351132357,1.3267006931
0.5203179403,0.0282022313,e,-0.2837311996,-1.5497165303,0.5485201715,1.4674126888,8.7379697171,1,1.0406358805,0.9517028797,1.5203179403,1.5350791813
0.0317251971,0.1384508144,b,-1.4985956711,-0.8587044853,0.1701760115,0.4392379376,1.1804622037,0,0.0634503942,0.0401725997,1.0317251971,1.0065959458
0.7178422546,0.5669200784,o,-0.1439709812,-0.2464781615,1.2847623329,40.6959187202,54.0492831084,1,1.4356845091,1.4548123042,1.7178422546,1.6796599563
0.2998219996,0.8579010528,o,-0.5231365037,-0.0665627992,1.1577230524,25.721760913,27.7703975318,0,0.5996439992,0.6510074244,1.2998219996,1.3034971451
0.0600710497,0.058889745,a,-1.2213347788,-1.229960326,0.1189607948,0.3537568802,1.4577567404,1,0.1201420994,0.0695603498,1.0600710497,1.0387510272
0.8715056251,0.9068490237,v,-0.0597298054,-0.0424650102,1.7783546487,79.0324025212,82.9922787739,0,1.7430112502,1.7126823201,1.8715056251,1.9286325497
0.2426205031,0.3131603778,g,-0.6150725011,-0.5042331917,0.5557808809,7.5979128399,13.5772214957,0,0.4852410061,0.5804173161,1.2426205031,1.2095283668
0.9959759165,0.5850113377,r,-0.001751163,-0.2328357171,1.5809872542,58.2657203184,76.1782476794,1,1.991951833,1.9831001599,1.9959759165,2.0701331709
0.9674257545,0.5138437608,q,-0.0143823551,-0.2891689124,1.4812695154,49.7105688026,69.3478799472,1,1.9348515091,1.9674363668,1.9674257545,1.9172366609
0.1579101288,0.2034245767,d,-0.8015900122,-0.6915965791,0.3613347055,3.2122801108,7.1221595468,0,0.3158202576,0.3846135651,1.1579101288,1.2305807605
0.8777104341,0.3211162207,m,-0.0566487388,-0.4933377562,1.1988266548,28.1847057456,49.7373203099,1,1.7554208683,1.8118708719,1.8777104341,1.8074935833
0.8548568713,0.7508534987,s,-0.0681065931,-0.1244447912,1.60571037,64.1872272704,74.0748893228,1,1.7097137426,1.7217209371,1.8548568713,1.8518156321
0.9045843147,0.6983742786,s,-0.0435509471,-0.1559117642,1.6029585933,63.1738418203,75.5950173016,1,1.8091686293,1.8081351819,1.9045843147,1.9010649116
0.2618635369,0.5528343027,j,-0.5819249706,-0.2574050174,0.8146978396,14.4767145812,19.4702945097,0,0.5237270738,0.4590307756,1.2618635369,1.1621996385
0.8443060454,0.9024344508,u,-0.0735001011,-0.0445843337,1.7467404963,76.1930862434,80.2061614444,0,1.6886120909,1.6496897499,1.8443060454,1.9168417663
0.3797944244,0.3927820353,i,-0.4204514152,-0.4058483838,0.7725764597,14.9176427005,23.8025996959,0,0.7595888488,0.787652093,1.3797944244,1.4378182617
0.7475645868,0.4093291331,m,-0.1263512799,-0.3879273443,1.1568937199,30.5999964262,47.8283113697,1,1.4951291736,1.4354057961,1.7475645868,1.8043129049
0.2796637465,0.2547489125,f,-0.5533638287,-0.5938876612,0.534412659,7.1244035289,14.1153724085,1,0.559327493,0.537747221,1.2796637465,1.2452485208
0.1434904679,0.3954987426,g,-0.8431769482,-0.4028548929,0.5389892105,5.6750299635,9.0239276643,0,0.2869809358,0.3467550536,1.1434904679,1.1842768419
0.4072671845,0.7668925838,o,-0.3901205818,-0.115265462,1.1741597683,31.2330183393,35.6653661712,0,0.8145343689,0.9058648259,1.4072671845,1.4778202146
0.713652563,0.4236309405,m,-0.1465131701,-0.3730123281,1.1372835035,30.2325306471,46.4494596134,1,1.4273051261,1.4512862059,1.713652563,1.6409462551
0.6079494476,0.9793594782,t,-0.2161325318,-0.0090578692,1.5873089258,59.5401053774,60.1642536506,0,1.2158988952,1.1908877796,1.6079494476,1.5148530431
0.5220017522,0.3323474044,j,-0.2823280392,-0.4784077086,0.8543491566,17.3485927447,30.0931816369,1,1.0440035043,1.1417463221,1.5220017522,1.5349593746
0.1935704118,0.1796088303,d,-0.7131610261,-0.7456723156,0.373179242,3.4766955228,8.2035686377,1,0.3871408235,0.451197096,1.1935704118,1.1409117527
0.5210947823,0.4348832055,k,-0.2830832754,-0.3616273638,0.9559779877,22.6615369262,34.3639471694,1,1.0421895646,0.9920911992,1.5210947823,1.5513591275
0.0105908057,0.753994172,k,-1.9750710006,-0.122632011,0.7645849776,0.7985405753,0.9196297111,0,0.0211816113,-0.0462770032,1.0105908057,1.0218546901
0.3532004005,0.9897300287,r,-0.4519788127,-0.0044832529,1.3429304291,34.9573042494,35.1382040813,0,0.706400801,0.749371173,1.3532004005,1.3161207036
0.5114056114,0.2018586057,h,-0.291234511,-0.6949527308,0.7132642171,10.3231623679,22.9767777602,1,1.0228112228,1.0668015996,1.5114056114,1.5840860586
0.4763777624,0.4461536924,k,-0.3220485199,-0.3505155084,0.9225314548,21.2537697684,31.8195274707,1,0.9527555248,1.0007881697,1.4763777624,1.5686785887
0.9804671193,0.31724017,n,-0.0085669662,-0.4986118261,1.2977072892,31.1043555563,55.2239059543,1,1.9609342385,1.9336045417,1.9804671193,1.9809407675
0.7385645912,0.0868847771,h,-0.1316115175,-1.0610563089,0.8254493682,6.4170019848,21.7700951936,1,1.4771291823,1.4439601023,1.7385645912,1.7735466253
0.0142874103,0.6860873203,j,-1.8450464831,-0.1636206069,0.7003747306,0.980241105,1.1834317413,0,0.0285748206,0.0028676539,1.0142874103,0.9220296056
0.0488166141,0.7024535616,k,-1.3114323465,-0.1533823812,0.7512701757,3.4291404429,4.0914426019,0,0.0976332282,0.1169953819,1.0488166141,1.0499163235
0.8260336227,0.9581873626,v,-0.0830022749,-0.0185495613,1.7842209854,79.1494978415,80.8579906001,0,1.6520672454,1.5947571292,1.8260336227,1.8086372198
0.4112605522,0.526044267,l,-0.3858829456,-0.2789777081,0.9373048192,21.6341255747,29.8282792515,0,0.8225211045,0.803951934,1.4112605522,1.3165898927
0.8518698676,0.7744767377,t,-0.0696267434,-0.1109916222,1.6263466054,65.9753396055,74.9682624967,1,1.7037397353,1.7675823652,1.8518698676,1.8865148274
0.5325083765,0.6025267751,n,-0.2736735563,-0.2200236491,1.1350351516,32.0850554816,41.3346837475,0,1.065016753,1.0417586978,1.5325083765,1.4635725182
0.7573463176,0.2204743118,j,-0.1207054819,-0.6566420043,0.9778206295,16.6975408213,35.5609632246,1,1.5146926353,1.5295164446,1.7573463176,1.8190874259
0.6608801358,0.7961324647,r,-0.1798773016,-0.0990146661,1.4570126005,52.614813139,58.9678597665,0,1.3217602717,1.2851257002,1.6608801358,1.6975154624
0.4481667287,0.0167619728,d,-0.348560388,-1.7756748684,0.4649287015,0.7512158517,5.8023266957,1,0.8963334574,0.8715392911,1.4481667287,1.4408767458
0.004730199,0.3696174088,e,-2.3251205882,-0.4322475819,0.3743476078,0.1748363897,0.2875779747,0,0.009460398,-0.0145094532,1.004730199,1.0206598185
0.1369015987,0.1253619718,c,-0.8635914804,-0.9018341856,0.2622635704,1.7162254349,4.8472054391,1,0.2738031973,0.2789820809,1.1369015987,1.0578153862
0.4270854979,0.52521406,l,-0.3694851752,-0.2796636564,0.9522995579,22.43113083,30.9515923316,0,0.8541709958,0.9192110242,1.4270854979,1.3711982826
0.4170987154,0.5462448313,l,-0.3797611477,-0.2626126594,0.9633435467,22.7838017444,30.8270894512,0,0.8341974309,0.9201962703,1.4170987154,1.3897913644
0.1079755994,0.7970232347,m,-0.9666743766,-0.098529018,0.904998834,8.6059061463,9.6396466437,0,0.2159511987,0.1701833554,1.1079755994,1.1952198641
0.1517415775,0.4222779097,g,-0.8188954052,-0.3744016369,0.5740194872,6.4077116181,9.8606098665,0,0.3034831551,0.2324118108,1.1517415775,1.1822830286
0.3312883002,0.8718293735,p,-0.4797939014,-0.0595685029,1.2031176738,28.882687124,30.9329861526,0,0.6625766004,0.6238123535,1.3312883002,1.4016316556
0.9780535125,0.117633437,k,-0.0096373829,-0.9294692135,1.0956869496,11.5051796286,33.5450165418,1,1.956107025,1.9830810593,1.9780535125,1.9000744135
0.9159276555,0.6339639924,r,-0.0381388277,-0.1979354083,1.5498916479,58.0665153206,72.9278597262,1,1.8318553111,1.7976882758,1.9159276555,1.947374793
0.0061804364,0.3157638314,d,-2.2089808618,-0.500637617,0.3219442677,0.1951558262,0.3472964385,0,0.0123608727,-0.0722360261,1.0061804364,1.0702587276
0.3269629255,0.7832592155,o,-0.4855014894,-0.1060944867,1.110222141,25.609672453,28.9368509451,0,0.653925851,0.6492224085,1.3269629255,1.2566044102
0.3285038904,0.3931520153,i,-0.4834594828,-0.4054394938,0.7216559057,12.9151966551,20.5977968405,0,0.6570077809,0.7138660889,1.3285038904,1.2693095737
0.6743363936,0.863197532,s,-0.171123401,-0.06388981,1.5375339256,58.2085510702,62.651531829,0,1.3486727872,1.4332770088,1.6743363936,1.5937752407
0.889773963,0.4704871902,o,-0.0507203069,-0.3274521965,1.3602611532,41.8627251754,61.0314368847,1,1.779547926,1.708275846,1.889773963,1.9739207671
0.1891712216,0.9540469856,p,-0.7231449317,-0.0204302363,1.1432182072,18.0478233704,18.4773612665,0,0.3783424431,0.4038956636,1.1891712216,1.2138942904
0.3898454125,0.5673572586,l,-0.409107572,-0.2461433845,0.9572026711,22.1181624505,29.3643732494,0,0.7796908249,0.7184889202,1.3898454125,1.3079357984
0.4651918265,0.5444304785,l,-0.3323679245,-0.26405757,1.0096223049,25.3264608661,34.3244265619,0,0.9303836529,0.9200242046,1.4651918265,1.5032330506
0.4319148376,0.0901619596,e,-0.3646018764,-1.0449766576,0.5220767972,3.8942288153,12.9690986818,1,0.8638296751,0.9164319876,1.4319148376,1.361479929
0.0369466846,0.5916490303,i,-1.432424527,-0.2279358429,0.6285957149,2.185947011,2.8418918829,0,0.0738933692,0.170512196,1.0369466846,0.9655617081
0.1523118955,0.498947483,i,-0.8172661771,-0.3019451639,0.6512593785,7.5995636898,10.7587357558,0,0.304623791,0.3900978238,1.1523118955,1.1207681202
0.4122999366,0.9646487536,r,-0.3847867319,-0.0156307925,1.3769486903,39.7724620002,40.4946707143,0,0.8245998733,0.749050691,1.4122999366,1.4739029831
0.5321159111,0.0571801157,f,-0.2739937548,-1.2427549701,0.5892960269,3.0426449375,12.7241494143,1,1.0642318223,1.0996671073,1.5321159111,1.4496073239
0.3736544943,0.6469617174,m,-0.4275297897,-0.189121417,1.0206162117,24.1740153344,30.0544996212,0,0.7473089886,0.6863976498,1.3736544943,1.2874171637
0.0842242525,0.1582030593,c,-1.0745628348,-0.8007851223,0.2424273118,1.3324534416,3.3499984343,0,0.168448505,0.2094670184,1.0842242525,1.1064809138
0.6996225729,0.4249561531,m,-0.1551361867,-0.371655878,1.124578726,29.730891722,45.6074587761,1,1.3992451457,1.328508182,1.6996225729,1.6916716432
0.5235758671,0.5543791009,m,-0.2810203794,-0.2561931502,1.077954968,29.025951844,38.9836990343,0,1.0471517341,1.1382354707,1.5235758671,1.4705935869
0.7661211146,0.2847584169,k,-0.1157025682,-0.5455234301,1.0508795315,21.8159435776,40.8823372739,1,1.5322422292,1.5689438575,1.7661211146,1.7835249541
0.0359177915,0.6783453308,j,-1.4446903745,-0.16854916,0.7142631223,2.4364666181,2.9582511739,0,0.0718355831,0.0485258741,1.0359177915,1.0148531932
0.0950996564,0.7327994942,k,-1.0218210523,-0.1350148391,0.8278991506,6.9688980089,8.1408832812,0,0.1901993128,0.1639670084,1.0950996564,1.1030861883
0.729074463,0.2032063869,j,-0.1372281133,-0.6920626461,0.9322808499,14.8152587398,32.8655242011,1,1.458148926,1.5314834198,1.729074463,1.634971477
0.5755691158,0.5145179625,m,-0.2399025177,-0.2885994589,1.0900870783,29.6140648726,41.2855194158,1,1.1511382316,1.1766140735,1.5755691158,1.5133818365
0.8563987124,0.4499915801,o,-0.0673239944,-0.3467956123,1.3063902925,38.5372209778,57.4484346384,1,1.7127974248,1.6301830747,1.8563987124,1.7966596429
0.2005001935,0.4046240796,h,-0.6978852039,-0.3929482755,0.6051242731,8.1127206259,12.7538310144,0,0.401000387,0.4056279192,1.2005001935,1.191807971
0.7243881105,0.1381598611,i,-0.1400286865,-0.8596181121,0.8625479715,10.0081360715,26.9254058056,1,1.4487762209,1.4966940437,1.7243881105,1.7220694988
0.3965119296,0.4826987297,k,-0.4017437418,-0.3163238441,0.8792106593,19.1395804728,27.548270335,0,0.7930238592,0.8349580722,1.3965119296,1.3767051039
0.9423728227,0.7469262667,t,-0.0257772471,-0.1267222677,1.6892990894,70.3883014275,81.4444732926,1,1.8847456453,1.7879342204,1.9423728227,1.8672355096
0.8462589446,0.6263583824,q,-0.072496728,-0.2031771061,1.472617327,53.0061383634,66.9753079192,1,1.6925178892,1.6245386865,1.8462589446,1.8589647644
0.1109482637,0.7772567582,l,-0.9548794901,-0.1094354931,0.8882050219,8.6235287744,9.7814392817,0,0.2218965273,0.1239139108,1.1109482637,1.1528393992
0.7551225577,0.9638190772,v,-0.1219825559,-0.0160044818,1.718941635,72.7801526811,74.13361926,0,1.5102451155,1.6063002326,1.7551225577,1.6754445892
0.3964187538,0.0044542979,d,-0.4018458081,-2.3512207367,0.4008730517,0.176576724,2.6457196542,1,0.7928375076,0.7319161737,1.3964187538,1.3661137891
0.8727559622,0.3475719118,m,-0.0591071756,-0.4589553273,1.2203278739,30.3345458275,51.4535282865,1,1.7455119244,1.8413559619,1.8727559622,1.901489852
0.1384084853,0.4259884066,g,-0.858837284,-0.3706022201,0.564396892,5.8960410133,9.0336155891,0,0.2768169707,0.3326388018,1.1384084853,1.137892361
0.7738595747,0.0427004469,h,-0.1113378397,-1.3695675796,0.8165600216,3.3044149684,15.9911011568,1,1.5477191494,1.5412786315,1.7738595747,1.6852103861
0.5324242983,0.8993412233,r,-0.2737421328,-0.0460754993,1.4317655216,47.8831119789,50.4917144669,0,1.0648485967,0.9824014144,1.5324242983,1.5011615611
0.1713808221,0.6325394074,k,-0.7660377783,-0.1989124127,0.8039202294,10.840512363,13.6303188538,0,0.3427616442,0.3160611415,1.1713808221,1.2274203822
0.0070776157,0.6756141002,j,-2.1501130219,-0.1703012952,0.6826917159,0.4781736968,0.5817499177,0,0.0141552314,0.1000698285,1.0070776157,1.1020404686
0.8476672601,0.2616143271,l,-0.0717745905,-0.5823384759,1.1092815872,22.1761899843,43.3566952192,1,1.6953345202,1.6445102657,1.8476672601,1.9134698621
0.6009135947,0.4983300492,m,-0.2211879707,-0.3024829242,1.0992436439,29.9453301227,42.4199905337,1,1.2018271894,1.1599669262,1.6009135947,1.5984122003
0.3179834227,0.8074477967,o,-0.4975955204,-0.0928855462,1.1254312193,25.6755014011,28.5733858933,0,0.6359668453,0.7076486482,1.3179834227,1.3102933767
0.9982072597,0.4660791454,p,-0.000779276,-0.331540329,1.4642864051,46.5243586566,68.1475990505,1,1.9964145194,2.0321335036,1.9982072597,1.9411799393
0.4994925226,0.1583528356,g,-0.3014710088,-0.8003741555,0.6578453581,7.9096057293,19.8765915544,1,0.9989850451,0.9593405748,1.4994925226,1.4782990355
0.7509077853,0.8375767544,t,-0.124413393,-0.0769753843,1.5884845397,62.8942905624,68.7224944481,0,1.5018155705,1.41177354,1.7509077853,1.7600173269
0.7785194577,0.6345344328,q,-0.1087305286,-0.1975448061,1.4130538905,49.3997402486,62.015045745,1,1.5570389153,1.6218088551,1.7785194577,1.8753663647
0.0896795846,0.6792586367,k,-1.0473064121,-0.1679648309,0.7689382213,6.0915632376,7.3911356417,0,0.1793591692,0.1474847194,1.0896795846,1.0821548487
0.7934699461,0.9047098435,u,-0.1004695182,-0.0434906844,1.6981797896,71.7860070751,75.4718750045,0,1.5869398923,1.5056750468,1.7934699461,1.8105203547
0.2934198771,0.6745959274,m,-0.5325104692,-0.170956285,0.9680158044,19.7939854074,24.0996862322,0,0.5868397541,0.6047070209,1.2934198771,1.2499680969
0.9333049185,0.0396162837,i,-0.0299764455,-1.4021262666,0.9729212022,3.6974072454,18.5763515464,1,1.8666098369,1.9266246771,1.9333049185,1.9747790971
0.6875480455,0.7182197217,q,-0.1626969481,-0.1437426737,1.4057677672,49.3810565912,58.2682151312,0,1.3750960911,1.3657601694,1.6875480455,1.6637242808
0.778456847,0.0208618685,h,-0.1087654571,-1.6806467962,0.7993187155,1.6240064385,11.2437490701,1,1.5569136939,1.4664734982,1.778456847,1.8528030492
0.1260814101,0.0530124116,b,-0.8993489427,-1.2756224389,0.1790938217,0.6683879604,2.9029518863,1,0.2521628202,0.3480985011,1.1260814101,1.0326417222
0.5879356202,0.9419279266,t,-0.2306702272,-0.0259823268,1.5298635468,55.3792979737,57.0608989603,0,1.1758712404,1.097119485,1.5879356202,1.6352764037
0.6847364439,0.0779857701,h,-0.1644765569,-1.1079846351,0.762722214,5.3399698873,19.1219036481,1,1.3694728878,1.3785155494,1.6847364439,1.6389456561
0.6373818824,0.8117985928,r,-0.1956002855,-0.0905517058,1.4491804752,51.7425715212,57.4280224601,0,1.2747637648,1.255437553,1.6373818824,1.5621817206
0.190188475,0.8074401338,n,-0.720815804,-0.0928896678,0.9976286087,15.3565807657,17.0898937279,0,0.3803769499,0.4635135634,1.190188475,1.1940910737
0.0429945101,0.9138356112,n,-1.3665869947,-0.039131922,0.9568301213,3.9289914461,4.1100494231,0,0.0859890203,0.0048782385,1.0429945101,1.1280932564
0.7778294107,0.1594890305,j,-0.1091156396,-0.797269182,0.9373184412,12.4055258601,31.0634558118,1,1.5556588215,1.545659302,1.7778294107,1.7919340375
0.2882243418,0.7722363377,n,-0.5402693439,-0.1122497665,1.0604606795,22.2577310144,25.3282843317,0,0.5764486836,0.50490721,1.2882243418,1.1914842325
0.290032808,0.5867703345,k,-0.5375528727,-0.231531851,0.8768031425,17.0182647753,22.2167844648,0,0.5800656159,0.5350668292,1.290032808,1.3614862141
0.3734311289,0.7430785799,n,-0.4277894824,-0.1289652576,1.1165097088,27.7488672962,32.1905123298,0,0.7468622578,0.8034910095,1.3734311289,1.4204990324
0.2950449174,0.4232302778,i,-0.5301118624,-0.3734232705,0.7182751952,12.4871942358,19.1944866866,0,0.5900898348,0.540007676,1.2950449174,1.3939785399
0.2071446637,0.8051589173,n,-0.6837262502,-0.0941183928,1.012303581,16.678437313,18.5872248809,0,0.4142893273,0.4732454478,1.2071446637,1.1851157105
0.8255158064,0.2426143936,k,-0.0832746067,-0.6150834373,1.0681302,20.0282016777,40.6615261145,1,1.6510316129,1.5683081266,1.8255158064,1.9097179055
0.2730864182,0.9488795323,p,-0.5636998988,-0.0227889212,1.2219659504,25.9126112741,26.6014702566,0,0.5461728363,0.6000909524,1.2730864182,1.265257169
0.172367234,0.3554213347,g,-0.7635452875,-0.4492565065,0.5277885688,6.1262992379,10.2760559282,0,0.344734468,0.3183825287,1.172367234,1.1025730261
0.6692986968,0.3758404732,l,-0.1743800206,-0.4249964537,1.04513917,25.1549538931,41.0319117988,1,1.3385973936,1.4359294656,1.6692986968,1.7172339309
0.4558729301,0.6034333366,m,-0.3411561956,-0.219370701,1.0593062667,27.5088923287,35.4126521885,0,0.9117458602,0.899375357,1.4558729301,1.5093487476
0.6397025599,0.941928135,t,-0.1940219114,-0.0259822307,1.5816306949,60.2553839214,62.0850411477,0,1.2794051198,1.2574571479,1.6397025599,1.705752307
0.4108870716,0.8285991747,p,-0.3862775234,-0.0816555036,1.2394862464,34.0460688464,37.4019912957,0,0.8217741433,0.7804943832,1.4108870716,1.3708929026
0.9853698488,0.836705751,v,-0.0064007308,-0.0774272459,1.8220755998,82.446461936,90.1333776859,1,1.9707396976,1.9891811971,1.9853698488,1.9540889377
0.9432606031,0.2422993227,m,-0.0253683042,-0.6156477998,1.1855599259,22.8551405301,46.4309741883,1,1.8865212062,1.8302241366,1.9432606031,1.8694001347
0.5858936806,0.6483236172,o,-0.2321811863,-0.1882081576,1.2342172978,37.9848710271,47.175306986,0,1.1717873611,1.1351444723,1.5858936806,1.6262242513
0.2067882118,0.753086718,m,-0.6844742223,-0.1231550119,0.9598749299,15.5729455773,17.945198714,0,0.4135764237,0.4954456965,1.2067882118,1.107514236
0.7117102942,0.3277428059,l,-0.1476967525,-0.4844668324,1.0394531002,23.325792885,40.7445786794,1,1.4234205885,1.3767222268,1.7117102942,1.7857529319
0.1789020339,0.6223951585,k,-0.7473847219,-0.2059337943,0.8012971925,11.1347759778,14.1139437083,0,0.3578040679,0.3785788525,1.1789020339,1.2464336991
0.1880431415,0.9314852837,o,-0.725742502,-0.030824002,1.1195284252,17.5159419004,18.1486989654,0,0.376086283,0.3401569146,1.1880431415,1.2206869327
0.6133685468,0.4848308768,m,-0.2122784981,-0.3144097296,1.0981994236,29.7380010365,42.7087280087,1,1.2267370936,1.144453704,1.6133685468,1.686481971
0.4554266387,0.9511203754,r,-0.3415815703,-0.0217645145,1.4065470141,43.316555559,44.4156653658,0,0.9108532774,0.8441755829,1.4554266387,1.3818592038
0.2388545463,0.0682558429,c,-0.621866488,-1.1658601658,0.3071103892,1.630321839,6.240270693,1,0.4777090927,0.4264602701,1.2388545463,1.261770579
0.7634491751,0.0562785158,h,-0.1172198698,-1.2496573642,0.8197276909,4.2965786491,18.1113760526,1,1.5268983501,1.4851234251,1.7634491751,1.8595101868
0.0704950688,0.5955214235,i,-1.1518412613,-0.2251026104,0.6660164923,4.1981323718,5.4401068956,0,0.1409901376,0.0553634096,1.0704950688,1.0166056867
0.1834954191,0.2278944491,e,-0.7363747733,-0.6422662529,0.4113898682,4.1817587456,8.7597578368,0,0.3669908382,0.4063467774,1.1834954191,1.1025365003
0.4771282075,0.9064414806,r,-0.3213649075,-0.0426602285,1.3835696881,43.2488798807,45.4260503805,0,0.9542564149,1.0094849686,1.4771282075,1.5273701315
0.4122951829,0.7861052491,o,-0.3847917393,-0.1045193038,1.198400432,32.4107407474,36.555153242,0,0.8245903659,0.880732127,1.4122951829,1.5088890056
0.3164812368,0.8896750275,p,-0.4996520328,-0.0507685996,1.2061562643,28.156545307,29.8513287539,0,0.6329624737,0.7103642905,1.3164812368,1.2332191787
0.9705544629,0.1057879685,k,-0.0129800891,-0.9755637228,1.0763424314,10.2672984941,31.5673444798,1,1.9411089257,1.9632307,1.9705544629,1.9382266186
0.4159649792,0.0699726297,e,-0.3809432318,-1.1550718045,0.4859376089,2.9106163442,11.0032470984,1,0.8319299584,0.9092232824,1.4159649792,1.3913007201
0.3144493517,0.5232688386,j,-0.5024492963,-0.2812751273,0.8377181904,16.4541547101,22.7464245149,0,0.6288987035,0.6908049123,1.3144493517,1.3770632925
0.6276030373,0.4364260586,l,-0.2023149633,-0.3600893259,1.0640290959,27.3902319955,41.4610573819,1,1.2552060746,1.2985665125,1.6276030373,1.5426873372
0.8785684279,0.1301251084,j,-0.0562244075,-0.8856388957,1.0086935363,11.432381192,31.6924741393,1,1.7571368557,1.8145592481,1.8785684279,1.9733018918
0.0133306656,0.7312810316,k,-1.8751481641,-0.1359156914,0.7446116973,0.9748462929,1.1399714904,0,0.0266613313,0.0975947201,1.0133306656,1.0837550379
0.9116691966,0.4184807579,o,-0.0401627189,-0.3783245065,1.3301499544,38.1516016291,58.9759612086,1,1.8233383931,1.802984433,1.9116691966,1.9712437077
0.165479596,0.904390231,o,-0.781255548,-0.0436441374,1.069869827,14.9658130059,15.7370158865,0,0.330959192,0.3062159408,1.165479596,1.1402815199
0.4564239255,0.0755971998,e,-0.3406315982,-1.1214942907,0.5320211253,3.4504370707,12.5493507099,1,0.9128478509,0.9436918712,1.4564239255,1.4970710454
0.20788861,0.4893312156,i,-0.6821693046,-0.3103970787,0.6972198256,10.1726386227,14.5422684025,0,0.4157772199,0.4956397604,1.20788861,1.2969710418
0.4933245052,0.8359389692,q,-0.3068673111,-0.0778254287,1.3292634743,41.238917831,45.1045105644,0,0.9866490103,0.9761082918,1.4933245052,1.4378684883
0.6259058383,0.4311285033,l,-0.2034909974,-0.3653932636,1.0570343416,26.9845847279,41.0972129543,1,1.2518116767,1.3063207358,1.6259058383,1.6955131785
0.6972042443,0.9555636353,u,-0.1566399777,-0.019740386,1.6527678797,66.6223022275,68.1537613632,0,1.3944084886,1.459833341,1.6972042443,1.6529324714
0.6111446565,0.2775468444,j,-0.2138559811,-0.556663706,0.888691501,16.9621270925,32.1967596758,1,1.2222893131,1.2382269654,1.6111446565,1.640624241
0.090760157,0.728054642,k,-1.0421047616,-0.1378360248,0.818814799,6.6078353595,7.7442118676,0,0.181520314,0.1421473707,1.090760157,1.1198662475
0.2481442587,0.2990933775,f,-0.6052957685,-0.5241932029,0.5472376363,7.4218304466,13.5708681178,0,0.4962885175,0.4503888239,1.2481442587,1.2056927789
0.0861028994,0.7056468972,k,-1.064982224,-0.1514125638,0.7917497966,6.0758243799,7.2328839016,0,0.1722057988,0.1476948153,1.0861028994,1.1827100265
0.7170201098,0.5349288946,o,-0.1444686638,-0.2717039427,1.2519490044,38.3554774722,52.4420143273,1,1.4340402195,1.3720596289,1.7170201098,1.767904723
0.8994829864,0.0477074347,i,-0.0460070469,-1.3214139351,0.9471904212,4.2912025878,19.6465358753,1,1.7989659728,1.7193932597,1.8994829864,1.861449855
0.2524141404,0.1191574507,d,-0.5978863193,-0.9238787967,0.3715715911,3.0077025499,8.7131317772,1,0.5048282808,0.4792105909,1.2524141404,1.3520436733
0.8393307414,0.8648844277,u,-0.0760668701,-0.0630419223,1.7042151692,72.5924088,78.0570562478,0,1.6786614829,1.6372828079,1.8393307414,1.9176406048
0.2158998055,0.2113959058,e,-0.6657477488,-0.6749034281,0.4272957114,4.5640334958,9.9266003456,1,0.4317996111,0.5114128558,1.2158998055,1.2499325663
0.1194136823,0.9078994764,n,-0.9229459095,-0.0419622344,1.0273131586,10.8415619593,11.3781845433,0,0.2388273645,0.2046255132,1.1194136823,1.1633787442
0.8560976428,0.0686557759,i,-0.0674766987,-1.1633229206,0.9247534187,5.8776047878,22.4316820683,1,1.7121952856,1.7532045508,1.8560976428,1.95304583
0.7347755432,0.6164469919,p,-0.1338453075,-0.2101042623,1.3512225351,45.2950173348,57.6902686482,1,1.4695510864,1.4931044319,1.7347755432,1.6938842692
0.9329681713,0.4176070511,o,-0.0301331722,-0.3792321771,1.3505752224,38.9614086781,60.2907573399,1,1.8659363426,1.8546947822,1.9329681713,1.9424530707
0.3348235507,0.1907589806,f,-0.4751840024,-0.7195150071,0.5255825312,6.3870599197,14.6237412469,1,0.6696471013,0.591408808,1.3348235507,1.3425078824
0.4502003919,0.1907432268,g,-0.3465941312,-0.7195508747,0.6409436187,8.587267546,19.6621240329,1,0.9004007839,0.80994306,1.4502003919,1.3545131863
0.3812658312,0.3396032027,h,-0.4187721142,-0.4690282228,0.7208690338,12.947909733,22.2184508155,1,0.7625316624,0.8507448011,1.3812658312,1.4037375963
0.9212994999,0.0335109739,i,-0.0355991646,-1.4748129503,0.9548104738,3.0873643505,16.86531124,1,1.8425989999,1.8130832941,1.9212994999,1.9909981575
0.0677947167,0.7566610905,l,-1.1688041499,-0.121098598,0.8244558072,5.1297624259,5.8972094275,0,0.1355894334,0.0594617771,1.0677947167,1.1217647824
0.7197310075,0.2963966308,k,-0.1428297866,-0.5281267374,1.0161276383,21.3325845708,39.1838264914,1,1.4394620149,1.528035491,1.7197310075,1.6429466391
0.9083531483,0.2598157623,l,-0.0417452743,-0.585334505,1.1681689105,23.600446564,46.3006910712,1,1.8167062965,1.9095981564,1.9083531483,1.970693929
0.1404937904,0.7714902582,l,-0.8523428705,-0.1126695535,0.9119840486,10.8389590616,12.340204384,0,0.2809875808,0.2131999069,1.1404937904,1.1486240076
0.2447129609,0.05234267,c,-0.6113430282,-1.2811441274,0.2970556309,1.2808929767,5.5986704933,1,0.4894259218,0.5452055082,1.2447129609,1.2922043324
0.4849699312,0.9883453234,s,-0.3142851874,-0.0050912884,1.4733152546,47.9317763462,48.2135564716,0,0.9699398624,0.9406122495,1.4849699312,1.4017783515
0.3750429051,0.0606520409,d,-0.4259190459,-1.217154581,0.435694946,2.2747117611,9.2364197995,1,0.7500858102,0.7099035513,1.3750429051,1.3367719789
0.8722982386,0.8938113647,v,-0.0593350045,-0.0487541277,1.7661096032,77.9670079002,82.4684689185,0,1.7445964771,1.667715288,1.8722982386,1.8503636545
0.1796682351,0.5150558585,i,-0.7455286982,-0.2881456686,0.6947240937,9.2539177094,12.8943206989,0,0.3593364703,0.4459792966,1.1796682351,1.1255982445
0.9063777188,0.6938209259,s,-0.0426907791,-0.1587526058,1.6001986447,62.8863828057,75.4975603513,1,1.8127554376,1.8426841904,1.9063777188,1.9689194764
0.8264166682,0.8665539408,u,-0.082800932,-0.0622043984,1.6929706091,71.6134620623,76.9302012992,0,1.6528333365,1.5597948511,1.8264166682,1.9036449295
0.6720653586,0.6376565385,p,-0.1725884896,-0.1954131827,1.3097218971,42.8546870226,53.6667034593,1,1.3441307172,1.3047284693,1.6720653586,1.5945664631
0.7308153275,0.4337510609,m,-0.1361923527,-0.36275945,1.1645663884,31.6991923593,48.131336617,1,1.461630655,1.4918664837,1.7308153275,1.6392471645
0.2753533204,0.4372910918,i,-0.5601096821,-0.3592293697,0.7126444122,12.0409554105,18.2085613193,0,0.5507066408,0.5716900177,1.2753533204,1.3537603585
0.1388886746,0.5349010273,i,-0.8573331666,-0.271726568,0.6737897019,7.4291694705,10.1578910252,0,0.2777773491,0.1823289849,1.1388886746,1.202910721
0.3469439019,0.4819925604,j,-0.4597407416,-0.3169596651,0.8289364623,16.7224379582,24.0868177095,0,0.6938878037,0.6368197776,1.3469439019,1.3056217707
0.2730544496,0.686147267,m,-0.563750742,-0.1635826622,0.9592017166,18.7355564325,22.6181941131,0,0.5461088992,0.5217700461,1.2730544496,1.3454489463
0.4602821737,0.0092392403,d,-0.3369758446,-2.0343637366,0.469521414,0.4252657616,4.4242767677,1,0.9205643474,0.8525714727,1.4602821737,1.4153330401
0.8936058334,0.0647957844,i,-0.0488540048,-1.1884532482,0.9584016178,5.7901890937,22.7467508684,1,1.7872116668,1.7276250763,1.8936058334,1.8376318289
0.7047790412,0.7714703421,r,-0.1519470195,-0.112680765,1.4762493833,54.3716128019,61.9031284676,0,1.4095580825,1.3442534486,1.7047790412,1.6115359386
0.5103954133,0.4102551984,k,-0.2920932371,-0.3869459073,0.9206506116,20.9392371514,32.6914218096,1,1.0207908265,0.9965791157,1.5103954133,1.4601235957
0.0366620761,0.3062233212,d,-1.435782945,-0.5139617375,0.3428853974,1.1226782717,2.0287857519,0,0.0733241523,0.0286085259,1.0366620761,1.0914279065
0.671815803,0.5132229107,n,-0.1727497845,-0.2896939646,1.1850387137,34.4791261889,48.1286004874,1,1.3436316061,1.4226790663,1.671815803,1.6461724305
0.5627828515,0.8976144639,s,-0.2496591444,-0.0469101579,1.4603973154,50.5162027571,53.3194642089,0,1.125565703,1.136287895,1.5627828515,1.5155985464
0.507884948,0.1341354246,g,-0.294234658,-0.8724565116,0.6420203727,6.8125363167,18.6010339855,1,1.0157698961,0.9355304033,1.507884948,1.5247544417
0.9905585274,0.8355445438,v,-0.004119859,-0.0780303924,1.8261030712,82.7655772898,90.5450983546,1,1.9811170548,1.9620858405,1.9905585274,1.9059217602
0.7543834136,0.4826461577,n,-0.1224078689,-0.3163711468,1.2370295713,36.4100256025,52.4090826124,1,1.5087668272,1.4358877588,1.7543834136,1.7709071222
0.1705032249,0.8600679694,n,-0.7682674022,-0.065467226,1.0305711944,14.6644362458,15.8124434288,0,0.3410064499,0.4395874423,1.1705032249,1.1651423317
0.3034042637,0.5027475152,j,-0.5179783204,-0.2986500672,0.8061517789,15.2535739674,21.51278545,0,0.6068085274,0.6984062133,1.3034042637,1.3052343331
0.3638170888,0.1210053854,e,-0.4391169056,-0.9171953007,0.4848224742,4.4023827048,12.6556788016,1,0.7276341775,0.7078983865,1.3638170888,1.4619495997
0.2043030185,0.241939638,e,-0.6897252167,-0.6162929734,0.4462426566,4.9428998351,10.0491261139,0,0.408606037,0.384664439,1.2043030185,1.2621125152
0.7297655877,0.1740112621,i,-0.1368166198,-0.759422643,0.9037768499,12.6987430981,30.4419212933,1,1.4595311754,1.5279204173,1.7297655877,1.7885065244
0.778323035,0.6243270254,q,-0.1088401161,-0.2045878653,1.4026500604,48.5928105216,61.4987022333,1,1.55664607,1.560061832,1.778323035,1.6848487322
0.316912408,0.0935174145,d,-0.4990607567,-1.0291075086,0.4104298225,2.9636829026,9.6913770187,1,0.633824816,0.6685067908,1.316912408,1.2745295113
0.620181212,0.9097389604,s,-0.2074813946,-0.0410832058,1.5299201724,56.4203011063,59.1530309619,0,1.2403624239,1.1691329158,1.620181212,1.5656983212
0.5342766785,0.6441673441,o,-0.2722337827,-0.1910012954,1.1784440225,34.416358897,42.881065654,0,1.0685533569,1.0098084427,1.5342766785,1.6040784005
0.4270938421,0.6133337591,m,-0.3694766903,-0.2123031302,1.0404276012,26.1951071657,33.4481224626,0,0.8541876841,0.8955703662,1.4270938421,1.385417799
0.1196537623,0.7782008257,l,-0.9220736412,-0.1089083127,0.897854588,9.3114656631,10.5553394038,0,0.2393075246,0.2066594666,1.1196537623,1.1712687538
0.5282033165,0.0416530839,e,-0.2771988763,-1.3803528392,0.5698564004,2.2001297043,10.7801475246,1,1.056406633,1.0862683655,1.5282033165,1.5117072988
0.3603098593,0.6713793476,m,-0.443323854,-0.1730320223,1.0316892068,24.1904598239,29.5229760947,0,0.7206197185,0.7521661978,1.3603098593,1.3772605294
0.8651804633,0.5808329163,q,-0.062893296,-0.2359487798,1.4460133796,50.2525291633,65.9374752803,1,1.7303609266,1.6844147513,1.8651804633,1.8960639861
0.9987185455,0.146983647,l,-0.0005568855,-0.8327309809,1.1457021926,14.679529417,38.2893173987,1,1.9974370911,1.9374802336,1.9987185455,1.9138574762
0.6305907893,0.0577448555,g,-0.2002523771,-1.2384867009,0.6883356448,3.6413374022,15.1531971095,1,1.2611815785,1.2645337818,1.6305907893,1.7017069279
0.4044338791,0.4754555118,k,-0.3931524711,-0.3228901136,0.8798893909,19.2290316973,27.8870433716,0,0.8088677581,0.9069918607,1.4044338791,1.4237785129
0.0371217378,0.6245086277,i,-1.4303717006,-0.2044615574,0.6616303655,2.3182845557,2.9335771938,0,0.0742434757,0.1299328722,1.0371217378,1.0714166455
0.0779733683,0.0565353183,a,-1.1080537044,-1.2476801587,0.1345086866,0.4408249195,1.8539850006,1,0.1559467367,0.1608187185,1.0779733683,1.049941464
0.6328183901,0.1480043964,h,-0.1987209084,-0.829725384,0.7808227865,9.3659903835,24.3453711343,1,1.2656367803,1.3488199905,1.6328183901,1.7315570995
0.2209715259,0.6541449975,l,-0.6556636854,-0.1843259755,0.8751165234,14.4547418239,17.8720070418,0,0.4419430518,0.5330000224,1.2209715259,1.2879658923
0.889116338,0.9332940737,v,-0.0510414093,-0.0299814919,1.8224104117,82.9807009055,85.8949922364,0,1.778232676,1.7315972904,1.889116338,1.8950413214
0.4987063692,0.2533737065,h,-0.3021550852,-0.5962384554,0.7520800757,12.6359081208,25.1030035263,1,0.9974127384,0.9956865393,1.4987063692,1.4987199187
0.8068020651,0.1519236916,j,-0.0932329988,-0.8183744951,0.9587257567,12.2572348139,31.4470385894,1,1.6136041302,1.6107640611,1.8068020651,1.7566094681
